{"cameraMode":{"drawMode":0,"name":"Shaded","section":"Shading Mode"},"sceneLighting":true,"audioPlay":false,"sceneViewState":{"showFog":true,"showMaterialUpdate":false,"showSkybox":true,"showFlares":true,"showImageEffects":true,"showParticleSystems":true},"in2DMode":false,"pivot":{"x":-6.699999809265137,"y":18.399999618530275,"z":108.8499984741211},"rotation":{"x":-0.1307353675365448,"y":-0.8585225343704224,"z":0.26981163024902346,"w":-0.4159916937351227},"size":4.426306247711182,"orthographic":true}